Track,Track Version,Matcher,Type,Macro Precision (P),Macro Recall (R),Residual Macro Recall (R+),Macro F1,Micro Precision (P),Micro Recall (R),Residual Micro Recall (R+),Micro F1,"# of TP","# of Residual TP","# of FP","# of FN","# of Correspondences",Total Runtime,Total Runtime (HH:MM:SS)
dhmultiling,2024all,logmap-2026.tar.gz,ALL,0.0,0.0,0.0,0.0,0.0,0.0,0.0,0.0,0,0,1,17,10,24398048959,00:00:24
dhmultiling,2024all,logmap-2026.tar.gz,CLASSES,0.0,0.0,0.0,0.0,0.0,0.0,0.0,0.0,0,0,0,0,0,-,-
dhmultiling,2024all,logmap-2026.tar.gz,PROPERTIES,0.0,0.0,0.0,0.0,0.0,0.0,0.0,0.0,0,0,1,0,10,-,-
dhmultiling,2024all,logmap-2026.tar.gz,INSTANCES,0.0,0.0,0.0,0.0,0.0,0.0,0.0,0.0,0,0,0,17,0,-,-
dhmultiling,2024all,secea-2026.tar.gz,ALL,0.08333333333333333,0.11764705882352941,0.11764705882352941,0.09756097560975609,0.08333333333333333,0.11764705882352941,0.11764705882352941,0.09756097560975609,2,2,22,15,24,1085235125,00:00:01
dhmultiling,2024all,secea-2026.tar.gz,CLASSES,0.0,0.0,0.0,0.0,0.0,0.0,0.0,0.0,0,0,2,0,2,-,-
dhmultiling,2024all,secea-2026.tar.gz,PROPERTIES,0.0,0.0,0.0,0.0,0.0,0.0,0.0,0.0,0,0,14,0,14,-,-
dhmultiling,2024all,secea-2026.tar.gz,INSTANCES,0.25,0.11764705882352941,0.11764705882352941,0.15999999999999998,0.25,0.11764705882352941,0.11764705882352941,0.15999999999999998,2,2,6,15,8,-,-
dhmultiling,2024all,tim-2026.tar.gz,ALL,0.12833333333333333,0.0784313725490196,0.0784313725490196,0.08849206349206348,0.3333333333333333,0.15,0.15,0.20689655172413793,3,3,6,17,30,10550567083,00:00:10
dhmultiling,2024all,tim-2026.tar.gz,CLASSES,0.0,0.0,0.0,0.0,0.0,0.0,0.0,0.0,0,0,1,0,10,-,-
dhmultiling,2024all,tim-2026.tar.gz,PROPERTIES,0.0,0.0,0.0,0.0,0.0,0.0,0.0,0.0,0,0,1,0,10,-,-
dhmultiling,2024all,tim-2026.tar.gz,INSTANCES,0.2833333333333333,0.0784313725490196,0.0784313725490196,0.11152882205513785,0.42857142857142855,0.15,0.15,0.2222222222222222,3,3,4,17,10,-,-
dhmultiling,2024all,logmap-kg-2026.tar.gz,ALL,0.3518686868686869,0.2215686274509804,0.22156862745098035,0.24278039801278178,0.42424242424242425,0.4666666666666667,0.4666666666666667,0.4444444444444445,14,14,19,16,59,19243505042,00:00:19
dhmultiling,2024all,logmap-kg-2026.tar.gz,CLASSES,0.0,0.0,0.0,0.0,0.0,0.0,0.0,0.0,0,0,0,0,0,-,-
dhmultiling,2024all,logmap-kg-2026.tar.gz,PROPERTIES,0.0,0.0,0.0,0.0,0.0,0.0,0.0,0.0,0,0,1,0,10,-,-
dhmultiling,2024all,logmap-kg-2026.tar.gz,INSTANCES,0.4967424242424242,0.22156862745098035,0.2215686274509804,0.26129870129870125,0.4375,0.4666666666666667,0.4666666666666667,0.45161290322580644,14,14,18,16,49,-,-
dhmultiling,2024all,lsmatch-2026.tar.gz,ALL,0.0,0.0,0.0,0.0,0.0,0.0,0.0,0.0,0,0,1,17,10,28361021874,00:00:28
dhmultiling,2024all,lsmatch-2026.tar.gz,CLASSES,0.0,0.0,0.0,0.0,0.0,0.0,0.0,0.0,0,0,1,0,10,-,-
dhmultiling,2024all,lsmatch-2026.tar.gz,PROPERTIES,0.0,0.0,0.0,0.0,0.0,0.0,0.0,0.0,0,0,0,0,0,-,-
dhmultiling,2024all,lsmatch-2026.tar.gz,INSTANCES,0.0,0.0,0.0,0.0,0.0,0.0,0.0,0.0,0,0,0,17,0,-,-
dhmultiling,2024all,logmap-lite-2026.tar.gz,ALL,0.0,0.0,0.0,0.0,0.0,0.0,0.0,0.0,0,0,1,17,10,2513132061334,00:41:53
dhmultiling,2024all,logmap-lite-2026.tar.gz,CLASSES,0.0,0.0,0.0,0.0,0.0,0.0,0.0,0.0,0,0,1,0,10,-,-
dhmultiling,2024all,logmap-lite-2026.tar.gz,PROPERTIES,0.0,0.0,0.0,0.0,0.0,0.0,0.0,0.0,0,0,0,0,0,-,-
dhmultiling,2024all,logmap-lite-2026.tar.gz,INSTANCES,0.0,0.0,0.0,0.0,0.0,0.0,0.0,0.0,0,0,0,17,0,-,-
dhmultiling,2024all,logmap-bio-2026.tar.gz,ALL,0.0,0.0,0.0,0.0,0.0,0.0,0.0,0.0,0,0,1,17,10,24605359541,00:00:24
dhmultiling,2024all,logmap-bio-2026.tar.gz,CLASSES,0.0,0.0,0.0,0.0,0.0,0.0,0.0,0.0,0,0,0,0,0,-,-
dhmultiling,2024all,logmap-bio-2026.tar.gz,PROPERTIES,0.0,0.0,0.0,0.0,0.0,0.0,0.0,0.0,0,0,1,0,10,-,-
dhmultiling,2024all,logmap-bio-2026.tar.gz,INSTANCES,0.0,0.0,0.0,0.0,0.0,0.0,0.0,0.0,0,0,0,17,0,-,-
dhmultiling,2024all,lsmatch-multilingual-2026.tar.gz,ALL,0.0,0.0,0.0,0.0,0.0,0.0,0.0,0.0,0,0,1,17,10,17066047457,00:00:17
dhmultiling,2024all,lsmatch-multilingual-2026.tar.gz,CLASSES,0.0,0.0,0.0,0.0,0.0,0.0,0.0,0.0,0,0,1,0,10,-,-
dhmultiling,2024all,lsmatch-multilingual-2026.tar.gz,PROPERTIES,0.0,0.0,0.0,0.0,0.0,0.0,0.0,0.0,0,0,0,0,0,-,-
dhmultiling,2024all,lsmatch-multilingual-2026.tar.gz,INSTANCES,0.0,0.0,0.0,0.0,0.0,0.0,0.0,0.0,0,0,0,17,0,-,-
dhmultiling,2024all,matcha-2026.tar.gz,ALL,0.2840086404110794,0.40490196078431373,0.40490196078431373,0.2323908769478268,0.058823529411764705,0.38461538461538464,0.38461538461538464,0.1020408163265306,10,10,160,16,265,611266930544,00:10:11
dhmultiling,2024all,matcha-2026.tar.gz,CLASSES,0.0,0.0,0.0,0.0,0.0,0.0,0.0,0.0,0,0,0,0,0,-,-
dhmultiling,2024all,matcha-2026.tar.gz,PROPERTIES,0.0,0.0,0.0,0.0,0.0,0.0,0.0,0.0,0,0,0,0,0,-,-
dhmultiling,2024all,matcha-2026.tar.gz,INSTANCES,0.2840086404110794,0.40490196078431373,0.40490196078431373,0.2323908769478268,0.058823529411764705,0.38461538461538464,0.38461538461538464,0.1020408163265306,10,10,160,16,265,-,-
